[
  {
    "id" : "ig-ee-healthdeclarationtest",
    "type" : "ImplementationGuide",
    "url" : "https://fhir.ee/ImplementationGuide/ig-ee-healthdeclarationtest",
    "version" : "0.1.0",
    "name" : "HealthDeclarationTestIG"
  },
  {
    "id" : "ExampleHDECLQuestionnaire",
    "type" : "Questionnaire",
    "url" : "https://fhir.ee/Questionnaire/ExampleHDECLQuestionnaire",
    "version" : "0.1.0"
  },
  {
    "id" : "HDECLQuestionnaire",
    "type" : "StructureDefinition",
    "url" : "https://fhir.ee/StructureDefinition/HDECLQuestionnaire",
    "version" : "0.1.0",
    "name" : "HDECLQuestionnaire"
  },
  {
    "id" : "HDECLQuestionnaireResponse",
    "type" : "StructureDefinition",
    "url" : "https://fhir.ee/StructureDefinition/HDECLQuestionnaireResponse",
    "version" : "0.1.0",
    "name" : "HDECLQuestionnaireResponse"
  },
  {
    "id" : "MyPatient",
    "type" : "StructureDefinition",
    "url" : "https://fhir.ee/StructureDefinition/MyPatient",
    "version" : "0.1.0",
    "name" : "MyPatient"
  },
  {
    "id" : "authorization-type",
    "type" : "StructureDefinition",
    "url" : "https://fhir.ee/StructureDefinition/authorization-type",
    "version" : "0.1.0",
    "name" : "AuthorizationTypeAndId"
  },
  {
    "id" : "response-expiration",
    "type" : "StructureDefinition",
    "url" : "https://fhir.ee/StructureDefinition/response-expiration",
    "version" : "0.1.0",
    "name" : "ResponseExpiration"
  }
]
