[
  {
    "id" : "ExampleEEHealthDeclaration",
    "type" : "Questionnaire",
    "url" : "http://fhir.ee/StructureDefinition/EEHealthDeclaration",
    "version" : "0.1.0"
  },
  {
    "id" : "ig-ee-healthdeclarationtest",
    "type" : "ImplementationGuide",
    "url" : "https://fhir.ee/ImplementationGuide/ig-ee-healthdeclarationtest",
    "version" : "0.1.0",
    "name" : "HealthDeclarationTestIG"
  },
  {
    "id" : "EEHealthDeclaration",
    "type" : "StructureDefinition",
    "url" : "https://fhir.ee/StructureDefinition/EEHealthDeclaration",
    "version" : "0.1.0",
    "name" : "EEHealthDeclaration"
  },
  {
    "id" : "EEHealthDeclarationResponse",
    "type" : "StructureDefinition",
    "url" : "https://fhir.ee/StructureDefinition/EEHealthDeclarationResponse",
    "version" : "0.1.0",
    "name" : "EEHealthDeclarationResponse"
  },
  {
    "id" : "MyPatient",
    "type" : "StructureDefinition",
    "url" : "https://fhir.ee/StructureDefinition/MyPatient",
    "version" : "0.1.0",
    "name" : "MyPatient"
  },
  {
    "id" : "authorization-type",
    "type" : "StructureDefinition",
    "url" : "https://fhir.ee/StructureDefinition/authorization-type",
    "version" : "0.1.0",
    "name" : "AuthorizationTypeAndId"
  },
  {
    "id" : "response-expiration",
    "type" : "StructureDefinition",
    "url" : "https://fhir.ee/StructureDefinition/response-expiration",
    "version" : "0.1.0",
    "name" : "ResponseExpiration"
  }
]
