<?xml version="1.0" encoding="UTF-8"?>

<Patient xmlns="http://hl7.org/fhir">
  <id value="katipiiriylene"/>
  <text>
    <status value="generated"/><div xmlns="http://www.w3.org/1999/xhtml"><p class="res-header-id"><b>Generated Narrative: Patient katipiiriylene</b></p><a name="katipiiriylene"> </a><a name="hckatipiiriylene"> </a><a name="katipiiriylene-en-US"> </a><p style="border: 1px #661aff solid; background-color: #e6e6ff; padding: 10px;">Kati Piiriülene (official) Female, DoB Unknown ( https://fhir.ee/sid/pid/est/ni#49406240016)</p><hr/><table class="grid"><tr><td style="background-color: #f3f5da" title="Record is active">Active:</td><td colspan="3">true</td></tr></table></div>
  </text>
  <identifier>
    <system value="https://fhir.ee/sid/pid/est/ni"/>
    <value value="49406240016"/>
  </identifier>
  <active value="true"/>
  <name>
    <use value="official"/>
    <family value="Piiriülene"/>
    <given value="Kati"/>
  </name>
  <gender value="female"/>
</Patient>